Rk,Player,Tm,Age,Pos,G,GS,Tgt,Rec,Ctch%,Yds,Y/R,TD,1D,Lng,Y/Tgt,R/G,Y/G,Fmb,Player-additional
1,Michael Thomas*+,NOR,25,WR,16,16,147,125,85.0%,1405,11.2,9,74,72,9.6,7.8,87.8,2,ThomMi05
2,Zach Ertz*,PHI,28,TE,16,16,156,116,74.4%,1163,10.0,8,66,34,7.5,7.3,72.7,1,ErtzZa00
3,DeAndre Hopkins*+,HOU,26,WR,16,16,163,115,70.6%,1572,13.7,11,81,49,9.6,7.2,98.3,2,HopkDe00
4,Julio Jones*,ATL,29,WR,16,16,170,113,66.5%,1677,14.8,8,80,58,9.9,7.1,104.8,2,JoneJu02
5,Adam Thielen*,MIN,28,WR,16,16,153,113,73.9%,1373,12.2,9,74,68,9.0,7.1,85.8,1,ThieAd00
6,Davante Adams*,GNB,26,WR,15,15,169,111,65.7%,1386,12.5,13,64,57,8.2,7.4,92.4,0,AdamDa01
7,JuJu Smith-Schuster*,PIT,22,WR,16,13,166,111,66.9%,1426,12.8,7,67,97,8.6,6.9,89.1,1,SmitJu00
8,Christian McCaffrey,CAR,22,RB,16,16,124,107,86.3%,867,8.1,6,41,38,7.0,6.7,54.2,4,McCaCh01
9,Antonio Brown*,PIT,30,WR,15,15,168,104,61.9%,1297,12.5,15,63,78,7.7,6.9,86.5,0,BrowAn04
10,Travis Kelce*+,KAN,29,TE,16,16,150,103,68.7%,1336,13.0,10,68,43,8.9,6.4,83.5,2,KelcTr00
11,Stefon Diggs,MIN,25,WR,15,14,149,102,68.5%,1021,10.0,9,49,75,6.9,6.8,68.1,0,DiggSt00
12,Keenan Allen*,LAC,26,WR,16,14,136,97,71.3%,1196,12.3,6,62,54,8.8,6.1,74.8,3,AlleKe00
13,Saquon Barkley*,NYG,21,RB,16,16,121,91,75.2%,721,7.9,4,30,57,6.0,5.7,45.1,0,BarkSa00
14,George Kittle*,SFO,25,TE,16,16,136,88,64.7%,1377,15.6,5,60,85,10.1,5.5,86.1,0,KittGe00
15,Tyreek Hill*+,KAN,24,WR,16,16,137,87,63.5%,1479,17.0,12,60,75,10.8,5.4,92.4,0,HillTy00
16,James White,NWE,26,,16,3,123,87,70.7%,751,8.6,7,38,42,6.1,5.4,46.9,0,WhitJa02
17,Mike Evans*,TAM,25,WR,16,16,138,86,62.3%,1524,17.7,8,68,72,11.0,5.4,95.3,2,EvanMi00
18,Robert Woods,LAR,26,WR,16,16,130,86,66.2%,1219,14.2,6,66,39,9.4,5.4,76.2,0,WoodRo02
19,Alvin Kamara*,NOR,23,RB,15,13,105,81,77.1%,709,8.8,4,31,42,6.8,5.4,47.3,1,KamaAl00
20,Jarvis Landry*,CLE,26,WR,16,14,149,81,54.4%,976,12.0,4,44,51,6.6,5.1,61.0,1,LandJa00
21,Brandin Cooks,LAR,25,WR,16,16,117,80,68.4%,1204,15.1,5,56,57,10.3,5.0,75.3,1,CookBr00
22,Odell Beckham Jr.,NYG,26,WR,12,12,124,77,62.1%,1052,13.7,6,50,51,8.5,6.4,87.7,2,BeckOd00
23,Ezekiel Elliott*,DAL,23,RB,15,15,95,77,81.1%,567,7.4,3,22,38,6.0,5.1,37.8,6,ElliEz00
24,Tyler Boyd,CIN,24,WR,14,14,108,76,70.4%,1028,13.5,7,54,49,9.5,5.4,73.4,0,BoydTy00
25,T.Y. Hilton,IND,29,WR,14,14,120,76,63.3%,1270,16.7,6,55,68,10.6,5.4,90.7,0,HiltT.00
26,Adam Humphries,TAM,25,WR,16,10,105,76,72.4%,816,10.7,5,48,51,7.8,4.8,51.0,2,HumpAd00
27,Amari Cooper*,2TM,24,,15,15,107,75,70.1%,1005,13.4,7,58,90,9.4,5.0,67.0,2,CoopAm00
28,Julian Edelman,NWE,32,WR,12,12,108,74,68.5%,850,11.5,6,41,36,7.9,6.2,70.8,1,EdelJu00
29,Golden Tate,2TM,30,,15,7,113,74,65.5%,795,10.7,4,36,67,7.0,4.9,53.0,3,TateGo00
30,Tarik Cohen*+,CHI,23,RB,16,7,91,71,78.0%,725,10.2,5,29,70,8.0,4.4,45.3,7,CoheTa00
31,Austin Hooper*,ATL,24,te,16,7,88,71,80.7%,660,9.3,4,30,36,7.5,4.4,41.3,0,HoopAu00
32,Emmanuel Sanders,DEN,31,WR,12,12,98,71,72.4%,868,12.2,4,37,64,8.9,5.9,72.3,1,SandEm00
33,Kenny Golladay,DET,25,WR,15,13,119,70,58.8%,1063,15.2,5,55,60,8.9,4.7,70.9,1,GollKe00
34,Larry Fitzgerald,ARI,35,WR,16,16,112,69,61.6%,734,10.6,6,39,37,6.6,4.3,45.9,0,FitzLa00
35,Jared Cook*,OAK,31,TE,16,14,101,68,67.3%,896,13.2,6,46,45,8.9,4.3,56.0,0,CookJa02
36,Jalen Richard,OAK,25,,16,1,81,68,84.0%,607,8.9,0,23,32,7.5,4.3,37.9,3,RichJa01
37,Taylor Gabriel,CHI,27,WR,16,11,93,67,72.0%,688,10.3,2,31,54,7.4,4.2,43.0,1,GabrTa00
38,Eric Ebron*,IND,25,TE,16,8,110,66,60.0%,750,11.4,13,39,53,6.8,4.1,46.9,1,EbroEr00
39,Mohamed Sanu,ATL,29,WR,16,16,94,66,70.2%,838,12.7,4,40,44,8.9,4.1,52.4,2,SanuMo00
40,Sterling Shepard,NYG,25,WR,16,16,107,66,61.7%,872,13.2,4,47,58,8.1,4.1,54.5,1,ShepSt00
41,Dede Westbrook,JAX,25,wr,16,9,101,66,65.3%,717,10.9,5,40,61,7.1,4.1,44.8,3,WestDe00
42,Cole Beasley,DAL,29,,16,4,87,65,74.7%,672,10.3,3,39,32,7.7,4.1,42.0,0,BeasCo00
43,Corey Davis,TEN,23,WR,16,16,112,65,58.0%,891,13.7,4,47,51,8.0,4.1,55.7,1,DaviCo03
44,Alshon Jeffery,PHI,28,WR,13,13,92,65,70.7%,843,13.0,6,48,52,9.2,5.0,64.8,1,JeffAl00
45,Nelson Agholor,PHI,25,WR,16,16,97,64,66.0%,736,11.5,4,28,83,7.6,4.0,46.0,1,AghoNe00
46,Calvin Ridley,ATL,24,wr,16,5,92,64,69.6%,821,12.8,10,39,75,8.9,4.0,51.3,2,RidlCa00
47,Kyle Rudolph,MIN,29,TE,16,16,82,64,78.0%,634,9.9,4,32,44,7.7,4.0,39.6,0,RudoKy00
48,Nyheim Hines,IND,22,,16,4,81,63,77.8%,425,6.7,2,29,28,5.2,3.9,26.6,1,HineNy00
49,Jordy Nelson,OAK,33,WR,15,14,88,63,71.6%,739,11.7,3,36,66,8.4,4.2,49.3,1,NelsJo00
50,Willie Snead,BAL,26,wr,16,10,95,62,65.3%,651,10.5,1,37,28,6.9,3.9,40.7,0,SneaWi00
51,Theo Riddick,DET,27,,14,3,74,61,82.4%,384,6.3,0,16,20,5.2,4.4,27.4,0,RiddTh00
52,Danny Amendola,MIA,33,WR,15,15,79,59,74.7%,575,9.7,1,27,39,7.3,3.9,38.3,2,AmenDa00
53,Chris Godwin,TAM,22,wr,16,5,95,59,62.1%,842,14.3,7,48,48,8.9,3.7,52.6,4,GodwCh00
54,Todd Gurley*+,LAR,24,RB,14,14,81,59,72.8%,580,9.8,4,26,56,7.2,4.2,41.4,1,GurlTo01
55,Dion Lewis,TEN,28,rb,16,7,67,59,88.1%,400,6.8,1,13,37,6.0,3.7,25.0,1,LewiDi00
56,Demaryius Thomas,2TM,31,,15,15,89,59,66.3%,677,11.5,5,36,45,7.6,3.9,45.1,0,ThomDe03
57,Tyler Lockett,SEA,26,WR,16,14,70,57,81.4%,965,16.9,10,37,52,13.8,3.6,60.3,2,LockTy00
58,Zay Jones,BUF,23,WR,16,15,102,56,54.9%,652,11.6,7,33,57,6.4,3.5,40.8,1,JoneZa00
59,David Njoku,CLE,22,TE,16,14,88,56,63.6%,639,11.4,4,27,66,7.3,3.5,39.9,0,NjokDa00
60,James Conner*,PIT,23,RB,13,12,71,55,77.5%,497,9.0,1,20,29,7.0,4.2,38.2,4,ConnJa00
61,Jimmy Graham,GNB,32,TE,16,12,89,55,61.8%,636,11.6,2,32,54,7.1,3.4,39.8,0,GrahJi00
62,D.J. Moore,CAR,21,WR,16,10,82,55,67.1%,788,14.3,2,33,82,9.6,3.4,49.3,4,MoorD.00
63,Allen Robinson,CHI,25,WR,13,12,94,55,58.5%,754,13.7,4,36,43,8.0,4.2,58.0,1,RobiAl02
64,T.J. Yeldon,JAX,25,rb,14,5,78,55,70.5%,487,8.9,4,20,37,6.2,3.9,34.8,1,YeldT.00
65,Trey Burton,CHI,27,TE,16,16,76,54,71.1%,569,10.5,6,29,47,7.5,3.4,35.6,1,BurtTr01
66,Michael Crabtree,BAL,31,WR,16,16,100,54,54.0%,607,11.2,3,35,27,6.1,3.4,37.9,0,CrabMi00
67,Jordan Reed,WAS,28,TE,13,8,84,54,64.3%,558,10.3,2,26,34,6.6,4.2,42.9,1,ReedJo02
68,Kenyan Drake,MIA,24,rb,16,7,73,53,72.6%,477,9.0,5,23,52,6.5,3.3,29.8,2,DrakKe00
69,Chester Rogers,IND,24,WR,16,10,72,53,73.6%,485,9.2,2,28,34,6.7,3.3,30.3,1,RogeCh02
70,Robby Anderson,NYJ,25,WR,14,9,94,50,53.2%,752,15.0,6,30,76,8.0,3.6,53.7,2,AndeRo04
71,Doug Baldwin,SEA,30,WR,13,13,73,50,68.5%,618,12.4,5,32,42,8.5,3.8,47.5,0,BaldDo00
72,Melvin Gordon*,LAC,25,RB,12,12,66,50,75.8%,490,9.8,4,21,66,7.4,4.2,40.8,1,GordMe00
73,David Johnson,ARI,27,RB,16,16,76,50,65.8%,446,8.9,3,22,40,5.9,3.1,27.9,3,JohnDa08
74,Vance McDonald,PIT,28,TE,15,14,72,50,69.4%,610,12.2,4,33,75,8.5,3.3,40.7,2,McDoVa00
75,Donte Moncrief,JAX,25,WR,16,14,89,48,53.9%,668,13.9,3,28,80,7.5,3.0,41.8,1,MoncDo00
76,Rob Gronkowski,NWE,29,TE,13,11,72,47,65.3%,682,14.5,3,34,42,9.5,3.6,52.5,1,GronRo00
77,Duke Johnson,CLE,25,,16,2,62,47,75.8%,429,9.1,3,25,32,6.9,2.9,26.8,1,JohnDu00
78,A.J. Green,CIN,30,WR,9,9,77,46,59.7%,694,15.1,6,37,38,9.0,5.1,77.1,2,GreeA.00
79,Evan Engram,NYG,24,TE,11,8,64,45,70.3%,577,12.8,3,22,54,9.0,4.1,52.5,0,EngrEv00
80,Seth Roberts,OAK,27,WR,15,7,64,45,70.3%,494,11.0,2,24,44,7.7,3.0,32.9,0,RobeSe00
81,Josh Doctson,WAS,26,WR,15,12,78,44,56.4%,532,12.1,2,31,32,6.8,2.9,35.5,0,DoctJo00
82,Devin Funchess,CAR,24,WR,14,12,79,44,55.7%,549,12.5,4,35,27,6.9,3.1,39.2,0,FuncDe00
83,Antonio Callaway,CLE,21,WR,16,11,79,43,54.4%,586,13.6,5,27,71,7.4,2.7,36.6,1,CallAn00
84,Christian Kirk,ARI,22,WR,12,7,68,43,63.2%,590,13.7,3,21,75,8.7,3.6,49.2,0,KirkCh01
85,Joe Mixon,CIN,22,B,14,13,55,43,78.2%,296,6.9,1,14,21,5.4,3.1,21.1,0,MixoJo00
86,C.J. Uzomah,CIN,25,TE,16,15,64,43,67.2%,439,10.2,3,21,29,6.9,2.7,27.4,0,UzomC.00
87,Mike Williams,LAC,24,wr,16,5,66,43,65.2%,664,15.4,10,36,55,10.1,2.7,41.5,0,WillMi07
88,Jarius Wright,CAR,29,wr,16,6,59,43,72.9%,447,10.4,1,24,33,7.6,2.7,27.9,3,WrigJa02
89,Kendrick Bourne,SFO,23,wr,16,8,66,42,63.6%,487,11.6,4,30,33,7.4,2.6,30.4,1,BourKe00
90,John Brown,BAL,28,WR,16,15,97,42,43.3%,715,17.0,5,28,71,7.4,2.6,44.7,0,BrowJo02
91,Courtland Sutton,DEN,23,wr,16,9,84,42,50.0%,704,16.8,4,30,42,8.4,2.6,44.0,0,SuttCo00
92,Josh Gordon,2TM,27,,12,12,71,41,57.7%,737,18.0,4,30,55,10.4,3.4,61.4,0,GordJo02
93,DeSean Jackson,TAM,32,WR,12,10,74,41,55.4%,774,18.9,4,31,75,10.5,3.4,64.5,0,JackDe00
94,Chris Thompson,WAS,28,,10,0,55,41,74.5%,268,6.5,1,12,23,4.9,4.1,26.8,1,ThomCh03
95,Tyrell Williams,LAC,26,WR,16,10,65,41,63.1%,653,15.9,5,30,75,10.0,2.6,40.8,2,WillTy00
96,Dalvin Cook,MIN,23,RB,11,10,49,40,81.6%,305,7.6,2,15,27,6.2,3.6,27.7,2,CookDa01
97,Cooper Kupp,LAR,25,WR,8,8,55,40,72.7%,566,14.2,6,25,70,10.3,5.0,70.8,0,KuppCo00
98,Sammy Watkins,KAN,25,WR,10,9,55,40,72.7%,519,13.0,3,24,50,9.4,4.0,51.9,1,WatkSa00
99,Austin Ekeler,LAC,23,,14,3,53,39,73.6%,404,10.4,3,18,44,7.6,2.8,28.9,1,EkelAu00
100,Chris Herndon,NYJ,22,TE,16,12,56,39,69.6%,502,12.9,4,25,32,9.0,2.4,31.4,2,HernCh00
101,Rashard Higgins,CLE,24,,13,1,53,39,73.6%,572,14.7,4,27,40,10.8,3.0,44.0,2,HiggRa00
102,Curtis Samuel,CAR,22,WR,13,8,65,39,60.0%,494,12.7,5,24,53,7.6,3.0,38.0,1,SamuCu00
103,Devontae Booker,DEN,26,,16,0,51,38,74.5%,275,7.2,0,9,30,5.4,2.4,17.2,1,BookDe00
104,Randall Cobb,GNB,28,wr,9,6,61,38,62.3%,383,10.1,2,18,75,6.3,4.2,42.6,2,CobbRa00
105,Keelan Cole,JAX,25,WR,16,11,70,38,54.3%,491,12.9,1,25,35,7.0,2.4,30.7,2,ColeKe00
106,Quincy Enunwa,NYJ,26,WR,11,10,68,38,55.9%,449,11.8,1,22,42,6.6,3.5,40.8,2,EnunQu00
107,Jacquizz Rodgers,TAM,28,,16,0,45,38,84.4%,304,8.0,0,13,24,6.8,2.4,19.0,1,RodgJa00
108,Marquez Valdes-Scantling,GNB,24,WR,16,10,73,38,52.1%,581,15.3,2,23,60,8.0,2.4,36.3,0,ValdMa00
109,Jermaine Kearse,NYJ,28,,14,9,76,37,48.7%,371,10.0,1,20,29,4.9,2.6,26.5,0,KearJe01
110,Kenny Stills,MIA,26,WR,15,15,64,37,57.8%,553,14.9,6,27,75,8.6,2.5,36.9,1,StilKe00
111,Taywan Taylor,TEN,23,wr,13,5,56,37,66.1%,466,12.6,1,19,55,8.3,2.8,35.8,1,TaylTa00
112,Ryan Switzer,PIT,24,,16,1,44,36,81.8%,253,7.0,1,15,24,5.8,2.3,15.8,2,SwitRy00
113,Ian Thomas,CAR,22,te,16,6,49,36,73.5%,333,9.3,2,20,31,6.8,2.3,20.8,0,ThomIa00
114,Javorius Allen,BAL,27,,14,0,43,35,81.4%,196,5.6,2,11,17,4.6,2.5,14.0,1,AlleJa01
115,Giovani Bernard,CIN,27,,12,4,48,35,72.9%,218,6.2,0,8,26,4.5,2.9,18.2,0,BernGi00
116,Ryan Grant,IND,28,WR,14,10,52,35,67.3%,334,9.5,1,18,23,6.4,2.5,23.9,0,GranRy01
117,Chris Hogan,NWE,31,wr,16,7,55,35,63.6%,532,15.2,3,22,63,9.7,2.2,33.3,0,HogaCh00
118,Marvin Jones,DET,28,WR,9,9,62,35,56.5%,508,14.5,5,27,39,8.2,3.9,56.4,0,JoneMa02
119,Phillip Lindsay*,DEN,24,RB,15,8,47,35,74.5%,241,6.9,1,12,29,5.1,2.3,16.1,0,LindPh00
120,Laquon Treadwell,MIN,23,WR,15,7,53,35,66.0%,302,8.6,1,16,22,5.7,2.3,20.1,0,TreaLa00
121,Ben Watson,NOR,38,,16,4,46,35,76.1%,400,11.4,2,21,32,8.7,2.2,25.0,0,WatsBe00
122,Mark Andrews,BAL,23,,16,3,50,34,68.0%,552,16.2,3,28,74,11.0,2.1,34.5,0,AndrMa00
123,Mike Davis,SEA,25,,15,2,42,34,81.0%,214,6.3,1,10,18,5.1,2.3,14.3,0,DaviMi01
124,O.J. Howard,TAM,24,TE,10,8,48,34,70.8%,565,16.6,5,28,75,11.8,3.4,56.5,0,HowaO.00
125,LeSean McCoy,BUF,30,RB,14,13,46,34,73.9%,238,7.0,0,10,24,5.2,2.4,17.0,0,McCoLe01
126,Ricky Seals-Jones,ARI,23,te,15,5,69,34,49.3%,343,10.1,1,14,40,5.0,2.3,22.9,0,SealRi00
127,Gerald Everett,LAR,24,,16,0,50,33,66.0%,320,9.7,3,16,40,6.4,2.1,20.0,0,EverGe00
128,Michael Gallup,DAL,22,WR,16,8,68,33,48.5%,507,15.4,2,21,49,7.5,2.1,31.7,0,GallMi00
129,Dallas Goedert,PHI,23,TE,16,8,44,33,75.0%,334,10.1,4,15,32,7.6,2.1,20.9,0,GoedDa00
130,Anthony Miller,CHI,24,,15,4,54,33,61.1%,423,12.8,7,19,55,7.8,2.2,28.2,1,MillAn02
131,Tevin Coleman,ATL,25,RB,16,14,44,32,72.7%,276,8.6,5,15,39,6.3,2.0,17.3,2,ColeTe01
132,Chris Conley,KAN,26,WR,16,13,52,32,61.5%,334,10.4,5,18,27,6.4,2.0,20.9,2,ConlCh00
133,Phillip Dorsett,NWE,25,,16,2,42,32,76.2%,290,9.1,3,14,20,6.9,2.0,18.1,0,DorsPh00
134,Will Fuller,HOU,24,WR,7,7,45,32,71.1%,503,15.7,4,22,73,11.2,4.6,71.9,0,FullWi01
135,Kerryon Johnson,DET,21,rb,10,7,39,32,82.1%,213,6.7,1,11,24,5.5,3.2,21.3,1,JohnKe06
136,Bruce Ellington,2TM,27,,7,3,42,31,73.8%,224,7.2,1,14,23,5.3,4.4,32.0,1,ElliBr00
137,Jeff Heuerman,DEN,26,TE,11,10,48,31,64.6%,281,9.1,2,14,36,5.9,2.8,25.5,0,HeueJe00
138,Cameron Brate,TAM,27,,16,2,49,30,61.2%,289,9.6,6,18,21,5.9,1.9,18.1,1,BratCa00
139,DaeSean Hamilton,DEN,23,wr,14,5,45,30,66.7%,243,8.1,2,16,24,5.4,2.1,17.4,0,HamiDa01
140,Jesse James,PIT,24,te,16,7,39,30,76.9%,423,14.1,2,17,51,10.8,1.9,26.4,0,JameJe00
141,Kyle Juszczyk*,SFO,27,FB,16,14,41,30,73.2%,324,10.8,1,15,56,7.9,1.9,20.3,2,JuszKy00
142,Jamison Crowder,WAS,25,WR,9,7,49,29,59.2%,388,13.4,2,15,79,7.9,3.2,43.1,0,CrowJa00
143,Josh Reynolds,LAR,23,wr,16,8,53,29,54.7%,402,13.9,5,23,33,7.6,1.8,25.1,0,ReynJo00
144,Nick Vannett,SEA,25,TE,15,9,43,29,67.4%,269,9.3,3,17,32,6.3,1.9,17.9,1,VannNi00
145,Keke Coutee,HOU,21,,6,2,41,28,68.3%,287,10.3,1,13,40,7.0,4.7,47.8,0,CoutKe00
146,Antonio Gates,LAC,38,,16,1,45,28,62.2%,333,11.9,2,19,27,7.4,1.8,20.8,1,GateAn00
147,Maurice Harris,WAS,26,WR,12,7,47,28,59.6%,304,10.9,0,12,42,6.5,2.3,25.3,1,HarrMa05
148,Dontrelle Inman,IND,29,,9,4,39,28,71.8%,304,10.9,3,16,29,7.8,3.1,33.8,0,InmaDo00
149,Wendell Smallwood,PHI,24,RB,16,6,35,28,80.0%,230,8.2,2,9,36,6.6,1.8,14.4,2,SmalWe00
150,Tre'Quan Smith,NOR,22,WR,15,7,44,28,63.6%,427,15.3,5,23,62,9.7,1.9,28.5,0,SmitTr03
151,Matt Breida,SFO,23,RB,14,13,31,27,87.1%,261,9.7,2,12,26,8.4,1.9,18.6,1,BreiMa00
152,Robert Foster,BUF,24,,13,3,44,27,61.4%,541,20.0,3,20,75,12.3,2.1,41.6,0,FostRo01
153,Blake Jarwin,DAL,24,,16,4,36,27,75.0%,307,11.4,3,16,39,8.5,1.7,19.2,0,JarwBl00
154,Greg Olsen,CAR,33,TE,9,9,38,27,71.1%,291,10.8,4,18,23,7.7,3.0,32.3,0,OlseGr00
155,Zach Pascal,IND,24,,16,4,46,27,58.7%,268,9.9,2,15,28,5.8,1.7,16.8,0,PascZa00
156,Dante Pettis,SFO,23,wr,12,7,45,27,60.0%,467,17.3,5,19,75,10.4,2.3,38.9,2,PettDa00
157,Ito Smith,ATL,23,,14,0,32,27,84.4%,152,5.6,0,9,20,4.8,1.9,10.9,1,SmitIt00
158,Jamaal Williams,GNB,23,rb,16,8,41,27,65.9%,210,7.8,0,11,26,5.1,1.7,13.1,0,WillJa06
159,Jack Doyle,IND,28,te,6,6,33,26,78.8%,245,9.4,2,14,20,7.4,4.3,40.8,1,DoylJa00
160,Kareem Hunt,KAN,23,RB,11,11,35,26,74.3%,378,14.5,7,16,67,10.8,2.4,34.4,0,HuntKa00
161,Aaron Jones,GNB,24,RB,12,8,35,26,74.3%,206,7.9,1,12,24,5.9,2.2,17.2,1,JoneAa00
162,David Moore,SEA,23,WR,16,7,53,26,49.1%,445,17.1,5,19,54,8.4,1.6,27.8,2,MoorDa03
163,Jaylen Samuels,PIT,22,,14,3,29,26,89.7%,199,7.7,3,10,23,6.9,1.9,14.2,1,SamuJa00
164,Tajae Sharpe,TEN,24,WR,16,13,47,26,55.3%,316,12.2,2,22,28,6.7,1.6,19.8,0,SharTa00
165,Geoff Swaim,DAL,25,TE,9,9,32,26,81.3%,242,9.3,1,11,43,7.6,2.9,26.9,0,SwaiGe00
166,Trent Taylor,SFO,24,,14,0,41,26,63.4%,215,8.3,1,11,23,5.2,1.9,15.4,1,TaylTr02
167,Albert Wilson,MIA,26,,7,3,35,26,74.3%,391,15.0,4,11,75,11.2,3.7,55.9,0,WilsAl02
168,Kelvin Benjamin,2TM,27,,15,10,67,25,37.3%,380,15.2,1,16,40,5.7,1.7,25.3,0,BenjKe00
169,Vernon Davis,WAS,34,te,14,8,36,25,69.4%,367,14.7,2,15,53,10.2,1.8,26.2,0,DaviVe00
170,Rhett Ellison,NYG,30,TE,14,12,34,25,73.5%,272,10.9,1,13,29,8.0,1.8,19.4,0,ElliRh00
171,Lamar Miller*,HOU,27,RB,14,14,35,25,71.4%,163,6.5,1,8,16,4.7,1.8,11.6,1,MillLa01
172,Ty Montgomery,2TM,25,,13,0,40,25,62.5%,235,9.4,0,7,43,5.9,1.9,18.1,2,MontTy01
173,Pierre Garcon,SFO,32,WR,8,8,46,24,52.2%,286,11.9,1,14,25,6.2,3.0,35.8,0,GarcPi00
174,Ryan Griffin,HOU,28,TE,14,11,43,24,55.8%,305,12.7,0,15,47,7.1,1.7,21.8,0,GrifRy00
175,Tyler Higbee,LAR,25,TE,16,16,34,24,70.6%,292,12.2,2,16,36,8.6,1.5,18.3,1,HigbTy00
176,Matt LaCosse,DEN,26,te,15,5,37,24,64.9%,250,10.4,1,11,44,6.8,1.6,16.7,0,LaCoMa00
177,James O'Shaughnessy,JAX,26,TE,14,9,38,24,63.2%,214,8.9,0,10,17,5.6,1.7,15.3,0,O'ShJa00
178,DeVante Parker,MIA,25,WR,11,7,47,24,51.1%,309,12.9,1,14,46,6.6,2.2,28.1,0,ParkDe01
179,Nick Boyle,BAL,25,TE,16,13,37,23,62.2%,213,9.3,0,10,25,5.8,1.4,13.3,0,BoylNi00
180,Marquise Goodwin,SFO,28,WR,11,8,43,23,53.5%,395,17.2,4,19,67,9.2,2.1,35.9,1,GoodMa00
181,Tim Patrick,DEN,25,,16,4,41,23,56.1%,315,13.7,1,15,26,7.7,1.4,19.7,2,PatrTi00
182,Damien Williams,KAN,26,,16,3,24,23,95.8%,160,7.0,2,9,32,6.7,1.4,10.0,1,WillDa05
183,DeAndre Carter,2TM,25,,14,4,25,22,88.0%,216,9.8,0,10,50,8.6,1.6,15.4,5,CartDe02
184,Corey Clement,PHI,24,,11,0,25,22,88.0%,192,8.7,0,10,23,7.7,2.0,17.5,4,ClemCo00
185,Jason Croom,BUF,24,,15,3,35,22,62.9%,259,11.8,1,10,26,7.4,1.5,17.3,2,CrooJa00
186,Leonard Fournette,JAX,23,RB,8,8,26,22,84.6%,185,8.4,1,10,31,7.1,2.8,23.1,0,FourLe00
187,Mike Gesicki,MIA,23,te,16,7,32,22,68.8%,202,9.2,0,9,27,6.3,1.4,12.6,1,GesiMi00
188,Latavius Murray,MIN,28,rb,16,6,26,22,84.6%,141,6.4,0,7,16,5.4,1.4,8.8,0,MurrLa00
189,Demarcus Robinson,KAN,24,wr,16,5,33,22,66.7%,288,13.1,4,12,89,8.7,1.4,18.0,0,RobiDe01
190,Charles Clay,BUF,29,TE,13,12,36,21,58.3%,184,8.8,0,11,21,5.1,1.6,14.2,1,ClayCh00
191,Isaiah Crowell,NYJ,25,rb,13,6,28,21,75.0%,152,7.2,0,7,21,5.4,1.6,11.7,0,CrowIs00
192,Jakeem Grant,MIA,26,,10,2,34,21,61.8%,268,12.8,2,13,52,7.9,2.1,26.8,0,GranJa00
193,Mark Ingram,NOR,29,rb,12,6,27,21,77.8%,170,8.1,1,5,28,6.3,1.8,14.2,3,IngrMa01
194,Cordarrelle Patterson,NWE,27,wr,15,5,28,21,75.0%,247,11.8,3,11,55,8.8,1.4,16.5,1,PattCo00
195,John Ross,CIN,23,wr,13,10,58,21,36.2%,210,10.0,7,13,39,3.6,1.6,16.2,0,RossJo00
196,Equanimeous St. Brown,GNB,22,WR,12,7,36,21,58.3%,328,15.6,0,13,54,9.1,1.8,27.3,0,St.BEq00
197,Levine Toilolo,DET,27,TE,16,10,24,21,87.5%,263,12.5,1,15,39,11.0,1.3,16.4,0,ToilLe00
198,Geronimo Allison,GNB,24,,5,4,30,20,66.7%,303,15.2,2,11,64,10.1,4.0,60.6,1,AlliGe01
199,Peyton Barber,TAM,24,RB,16,16,29,20,69.0%,92,4.6,1,4,10,3.2,1.3,5.8,1,BarbPe01
200,Alfred Blue,HOU,27,,16,2,27,20,74.1%,154,7.7,0,4,28,5.7,1.3,9.6,0,BlueAl00
201,Chris Carson,SEA,24,RB,14,14,24,20,83.3%,163,8.2,0,7,27,6.8,1.4,11.6,3,CarsCh00
202,Nick Chubb,CLE,23,RB,16,9,29,20,69.0%,149,7.5,2,5,24,5.1,1.3,9.3,0,ChubNi00
203,Chase Edmonds,ARI,22,,16,0,23,20,87.0%,103,5.2,0,5,13,4.5,1.3,6.4,1,EdmoCh00
204,Alex Erickson,CIN,26,WR,16,6,29,20,69.0%,167,8.4,0,7,28,5.8,1.3,10.4,1,EricAl01
205,Jordan Howard,CHI,24,RB,16,15,26,20,76.9%,145,7.3,0,7,18,5.6,1.3,9.1,2,HowaJo00
206,Allen Hurns,DAL,27,wr,16,7,35,20,57.1%,295,14.8,2,11,49,8.4,1.3,18.4,1,HurnAl01
207,Jordan Matthews,PHI,26,,14,3,28,20,71.4%,300,15.0,2,14,56,10.7,1.4,21.4,0,MattJo00
208,Adrian Peterson,WAS,33,RB,16,16,26,20,76.9%,208,10.4,1,9,52,8.0,1.3,13.0,3,PeteAd01
209,Paul Richardson,WAS,26,,7,4,35,20,57.1%,262,13.1,2,12,46,7.5,2.9,37.4,0,RichPa01
210,Jonnu Smith,TEN,23,TE,13,12,30,20,66.7%,258,12.9,3,10,61,8.6,1.5,19.8,1,SmitJo01
211,Jordan Thomas,HOU,22,TE,16,10,27,20,74.1%,215,10.8,4,12,39,8.0,1.3,13.4,0,ThomJo05
212,Spencer Ware,KAN,27,,13,2,23,20,87.0%,224,11.2,0,9,31,9.7,1.5,17.2,0,WareSp00
213,Martavis Bryant,OAK,27,,8,2,27,19,70.4%,266,14.0,0,10,47,9.9,2.4,33.3,1,BryaMa00
214,Anthony Firkser,TEN,23,,12,0,20,19,95.0%,225,11.8,1,11,28,11.3,1.6,18.8,0,FirkAn00
215,Virgil Green,LAC,30,TE,16,16,27,19,70.4%,210,11.1,1,10,26,7.8,1.2,13.1,0,GreeVi00
216,T.J. Jones,DET,26,,15,3,26,19,73.1%,190,10.0,2,10,26,7.3,1.3,12.7,0,JoneT.00
217,Lance Kendricks,GNB,30,,16,3,25,19,76.0%,170,8.9,1,9,22,6.8,1.2,10.6,0,KendLa00
218,Elijah McGuire,NYJ,24,,8,3,31,19,61.3%,193,10.2,1,10,20,6.2,2.4,24.1,2,McGuEl00
219,Chris Moore,BAL,25,,16,0,25,19,76.0%,196,10.3,1,8,30,7.8,1.2,12.3,0,MoorCh00
220,Trent Sherfield,ARI,22,,13,2,28,19,67.9%,210,11.1,1,11,21,7.5,1.5,16.2,0,SherTr00
221,Doug Martin,OAK,29,RB,16,9,24,18,75.0%,116,6.4,0,6,23,4.8,1.1,7.3,3,MartDo00
222,Isaiah McKenzie,2TM,23,,8,1,30,18,60.0%,179,9.9,0,10,23,6.0,2.3,22.4,2,McKeIs00
223,Jordan Akins,HOU,26,te,16,6,25,17,68.0%,225,13.2,0,11,28,9.0,1.1,14.1,0,AkinJo00
224,Trenton Cannon,NYJ,24,,16,0,25,17,68.0%,144,8.5,0,4,35,5.8,1.1,9.0,0,CannTr00
225,Ted Ginn Jr.,NOR,33,,5,3,30,17,56.7%,209,12.3,2,10,42,7.0,3.4,41.8,1,GinnTe00
226,Marlon Mack,IND,22,RB,12,10,26,17,65.4%,103,6.1,1,3,29,4.0,1.4,8.6,2,MackMa00
227,Aldrick Robinson,MIN,30,,14,0,35,17,48.6%,231,13.6,5,12,40,6.6,1.2,16.5,0,RobiAl00
228,Torrey Smith,CAR,29,wr,11,6,31,17,54.8%,190,11.2,2,12,35,6.1,1.5,17.3,0,SmitTo02
229,Deonte Thompson,2TM,29,,13,6,30,17,56.7%,161,9.5,0,10,15,5.4,1.3,12.4,0,ThomDe04
230,Chad Williams,ARI,24,WR,10,7,46,17,37.0%,171,10.1,1,9,22,3.7,1.7,17.1,0,WillCh05
231,Kapri Bibbs,2TM,25,,12,0,23,16,69.6%,115,7.2,1,4,23,5.0,1.3,9.6,1,BibbKa00
232,Bennie Fowler,NYG,27,wr,10,5,27,16,59.3%,199,12.4,1,11,26,7.4,1.6,19.9,1,FowlBe00
233,Josh Hill,NOR,28,TE,16,11,24,16,66.7%,185,11.6,1,11,23,7.7,1.0,11.6,0,HillJo02
234,Breshad Perriman,CLE,25,,10,2,25,16,64.0%,340,21.3,2,13,66,13.6,1.6,34.0,0,PerrBr02
235,Terrelle Pryor,2TM,29,,8,1,30,16,53.3%,252,15.8,2,11,44,8.4,2.0,31.5,0,PryoTe00
236,James Washington,PIT,22,wr,14,6,38,16,42.1%,217,13.6,1,11,47,5.7,1.1,15.5,0,WashJa00
237,Jordan Wilkins,IND,24,,16,3,17,16,94.1%,85,5.3,0,2,17,5.0,1.0,5.3,2,WilkJo01
238,Maxx Williams,BAL,24,te,13,6,17,16,94.1%,143,8.9,1,7,25,8.4,1.2,11.0,0,WillMa04
239,Marcell Ateman,OAK,24,wr,7,6,31,15,48.4%,154,10.3,1,7,32,5.0,2.1,22.0,0,AtemMa00
240,Alex Collins,BAL,24,RB,10,10,21,15,71.4%,105,7.0,1,6,24,5.0,1.5,10.5,3,CollAl00
241,Tyler Eifert,CIN,28,,4,2,19,15,78.9%,179,11.9,1,10,29,9.4,3.8,44.8,0,EifeTy00
242,Derrick Henry,TEN,24,RB,16,12,18,15,83.3%,99,6.6,0,4,21,5.5,0.9,6.2,1,HenrDe00
243,Justin Jackson,LAC,22,,13,1,19,15,78.9%,135,9.0,0,5,19,7.1,1.2,10.4,0,JackJu01
244,Marshawn Lynch,OAK,32,rb,6,6,20,15,75.0%,84,5.6,0,6,17,4.2,2.5,14.0,0,LyncMa00
245,Darren Sproles,PHI,35,,6,2,23,15,65.2%,160,10.7,2,6,37,7.0,2.5,26.7,0,SproDa00
246,Luke Stocker,TEN,30,TE,16,11,21,15,71.4%,165,11.0,2,10,31,7.9,0.9,10.3,0,StocLu00
247,Josh Bellamy,CHI,29,,16,2,25,14,56.0%,117,8.4,1,8,20,4.7,0.9,7.3,0,BellJo02
248,Jaron Brown,SEA,28,,16,2,19,14,73.7%,166,11.9,5,9,45,8.7,0.9,10.4,0,BrowJa03
249,Rex Burkhead,NWE,28,,8,4,20,14,70.0%,131,9.4,1,4,25,6.6,1.8,16.4,2,BurkRe00
250,DJ Chark,JAX,22,,11,0,32,14,43.8%,174,12.4,0,6,38,5.4,1.3,15.8,1,CharDJ00
251,Royce Freeman,DEN,22,rb,14,8,20,14,70.0%,72,5.1,0,2,9,3.6,1.0,5.1,1,FreeRo00
252,Wayne Gallman,NYG,24,,15,1,22,14,63.6%,89,6.4,0,5,21,4.0,0.9,5.9,2,GallWa00
253,Justin Hardy,ATL,27,,16,0,22,14,63.6%,133,9.5,2,8,19,6.0,0.9,8.3,1,HardJu00
254,Jordan Leggett,NYJ,23,,15,4,24,14,58.3%,114,8.1,1,6,16,4.8,0.9,7.6,0,LeggJo00
255,Cody Core,CIN,24,,14,3,28,13,46.4%,160,12.3,1,7,30,5.7,0.9,11.4,0,CoreCo00
256,Andre Holmes,2TM,30,,15,3,24,13,54.2%,162,12.5,0,8,24,6.8,0.9,10.8,0,HolmAn00
257,Hayden Hurst,BAL,25,,12,0,23,13,56.5%,163,12.5,1,8,32,7.1,1.1,13.6,0,HursHa00
258,Chris Ivory,BUF,30,,13,1,21,13,61.9%,205,15.8,0,7,55,9.8,1.0,15.8,1,IvorCh00
259,Keith Kirkwood,NOR,24,,8,1,21,13,61.9%,209,16.1,2,10,42,10.0,1.6,26.1,0,KirkKe00
260,Damion Ratley,CLE,23,,13,3,20,13,65.0%,144,11.1,0,5,27,7.2,1.0,11.1,0,RatlDa00
261,Luke Willson,DET,28,te,14,8,19,13,68.4%,87,6.7,0,5,13,4.6,0.9,6.2,0,WillLu00
262,Dan Arnold,NOR,23,,10,1,19,12,63.2%,150,12.5,1,9,25,7.9,1.2,15.0,1,ArnoDa00
263,Travis Benjamin,LAC,29,,12,3,24,12,50.0%,186,15.5,1,9,46,7.8,1.0,15.5,0,BenjTr00
264,James Develin,NWE,30,FB,16,8,17,12,70.6%,61,5.1,0,3,11,3.6,0.8,3.8,0,DeveJa00
265,Ed Dickson,SEA,31,,10,1,13,12,92.3%,143,11.9,3,6,42,11.0,1.2,14.3,0,DickEd00
266,Frank Gore,MIA,35,RB,14,14,16,12,75.0%,124,10.3,1,8,24,7.8,0.9,8.9,1,GoreFr00
267,Demetrius Harris,KAN,27,,15,3,25,12,48.0%,164,13.7,3,9,35,6.6,0.8,10.9,0,HarrDe03
268,Brandon LaFell,OAK,32,wr,6,5,16,12,75.0%,135,11.3,2,9,24,8.4,2.0,22.5,0,LaFeBr00
269,Eli Rogers,PIT,26,,3,3,14,12,85.7%,79,6.6,0,5,17,5.6,4.0,26.3,1,RogeEl00
270,Dalton Schultz,DAL,22,te,11,7,17,12,70.6%,116,9.7,0,6,17,6.8,1.1,10.5,0,SchuDa00
271,Logan Thomas,BUF,27,,12,3,17,12,70.6%,77,6.4,0,3,24,4.5,1.0,6.4,0,ThomLo00
272,Jeff Wilson,SFO,23,,6,2,15,12,80.0%,98,8.2,0,5,24,6.5,2.0,16.3,3,WilsJe01
273,Darren Fells,CLE,32,TE,16,11,12,11,91.7%,117,10.6,3,6,49,9.8,0.7,7.3,0,FellDa01
274,C.J. Ham,MIN,25,,15,2,15,11,73.3%,85,7.7,0,4,17,5.7,0.7,5.7,0,HamxC.00
275,Darius Jennings,TEN,26,,16,0,15,11,73.3%,101,9.2,0,2,36,6.7,0.7,6.3,0,JennDa00
276,Andy Jones,DET,24,,8,3,24,11,45.8%,80,7.3,1,6,15,3.3,1.4,10.0,0,JoneAn01
277,Cody Latimer,NYG,26,,6,2,16,11,68.8%,190,17.3,1,6,39,11.9,1.8,31.7,0,LatiCo00
278,Brandon Marshall,SEA,34,,7,2,23,11,47.8%,136,12.4,1,7,27,5.9,1.6,19.4,0,MarsBr00
279,Marcus Murphy,BUF,27,,11,1,19,11,57.9%,26,2.4,0,2,8,1.4,1.0,2.4,1,MurpMa03
280,Bilal Powell,NYJ,30,RB,7,7,18,11,61.1%,110,10.0,1,3,28,6.1,1.6,15.7,2,PoweBi00
281,Brandon Powell,DET,23,,6,1,17,11,64.7%,129,11.7,0,6,41,7.6,1.8,21.5,0,PoweBr00
282,Austin Seferian-Jenkins,JAX,26,te,5,5,19,11,57.9%,90,8.2,1,6,21,4.7,2.2,18.0,0,SefeAu00
283,LeGarrette Blount,DET,32,RB,16,8,15,10,66.7%,67,6.7,0,4,23,4.5,0.6,4.2,2,BlouLe00
284,Deontay Burnett,NYJ,21,,5,1,15,10,66.7%,143,14.3,0,7,29,9.5,2.0,28.6,0,BurnDe00
285,Michael Floyd,WAS,29,,13,3,24,10,41.7%,100,10.0,1,5,20,4.2,0.8,7.7,0,FloyMi00
286,Marvin Hall,ATL,25,,16,0,19,10,52.6%,149,14.9,1,5,47,7.8,0.6,9.3,0,HallMa02
287,Carlos Hyde,2TM,28,,14,7,16,10,62.5%,33,3.3,0,0,9,2.1,0.7,2.4,2,HydeCa00
288,Niles Paul,JAX,29,,6,1,13,10,76.9%,98,9.8,0,5,22,7.5,1.7,16.3,0,PaulNi00
289,Andre Roberts*+,NYJ,30,,16,1,17,10,58.8%,79,7.9,1,4,20,4.6,0.6,4.9,3,RobeAn00
290,Russell Shepard,NYG,28,,12,0,19,10,52.6%,188,18.8,2,7,49,9.9,0.8,15.7,0,ShepRu00
291,Lee Smith,OAK,31,,16,4,11,10,90.9%,73,7.3,3,5,30,6.6,0.6,4.6,0,SmitLe00
292,Kalen Ballage,MIA,23,,12,0,11,9,81.8%,56,6.2,0,2,31,5.1,0.8,4.7,1,BallKa00
293,Austin Carr,NOR,25,,14,2,14,9,64.3%,97,10.8,2,5,25,6.9,0.6,6.9,0,CarrAu00
294,Corey Grant,JAX,27,,5,1,12,9,75.0%,67,7.4,0,5,16,5.6,1.8,13.4,0,GranCo00
295,Jermaine Gresham,ARI,30,TE,13,11,12,9,75.0%,94,10.4,0,6,26,7.8,0.7,7.2,1,GresJe00
296,Dontrell Hilliard,CLE,23,,11,0,10,9,90.0%,105,11.7,0,4,24,10.5,0.8,9.5,0,HillDo00
297,Richie James,SFO,23,,13,2,14,9,64.3%,130,14.4,1,4,53,9.3,0.7,10.0,2,JameRi00
298,Cameron Meredith,NOR,26,,6,1,10,9,90.0%,114,12.7,1,4,46,11.4,1.5,19.0,1,MereCa00
299,Logan Paulsen,ATL,31,TE,15,10,9,9,100.0%,91,10.1,1,6,19,10.1,0.6,6.1,0,PaulLo00
300,Rashaad Penny,SEA,22,,14,0,12,9,75.0%,75,8.3,0,3,24,6.3,0.6,5.4,0,PennRa00
301,MyCole Pruitt,TEN,26,,15,1,11,9,81.8%,102,11.3,1,6,27,9.3,0.6,6.8,0,PruiMy00
302,Trey Quinn,WAS,23,,3,2,10,9,90.0%,75,8.3,1,5,15,7.5,3.0,25.0,0,QuinTr00
303,Michael Roberts,DET,24,,8,2,20,9,45.0%,100,11.1,3,5,29,5.0,1.1,12.5,0,RobeMi01
304,Scott Simonson,NYG,26,,16,4,14,9,64.3%,86,9.6,1,6,24,6.1,0.6,5.4,0,SimoSc00
305,Rod Smith,DAL,26,,16,1,12,9,75.0%,60,6.7,0,1,14,5.0,0.6,3.8,0,SmitRo06
306,Tavon Austin,DAL,28,,7,0,13,8,61.5%,140,17.5,2,5,64,10.8,1.1,20.0,0,AustTa00
307,Cameron Batson,TEN,23,,11,2,11,8,72.7%,82,10.3,0,5,26,7.5,0.7,7.5,1,BatsCa00
308,Blake Bell,JAX,27,,10,4,11,8,72.7%,67,8.4,0,3,16,6.1,0.8,6.7,0,BellBl00
309,Jake Butt,DEN,23,,3,3,13,8,61.5%,85,10.6,0,4,22,6.5,2.7,28.3,0,ButtJa00
310,Will Dissly,SEA,22,,4,4,14,8,57.1%,156,19.5,2,5,66,11.1,2.0,39.0,0,DissWi00
311,Andy Janovich,DEN,25,FB,16,7,10,8,80.0%,112,14.0,1,5,32,11.2,0.5,7.0,0,JanoAn00
312,Jake Kumerow,GNB,26,,5,2,11,8,72.7%,103,12.9,1,4,49,9.4,1.6,20.6,0,KumeJa00
313,Taquan Mizzell,CHI,25,,9,1,10,8,80.0%,78,9.8,1,4,26,7.8,0.9,8.7,0,MizzTa00
314,Alfred Morris,SFO,30,,12,1,13,8,61.5%,73,9.1,0,5,16,5.6,0.7,6.1,2,MorrAl00
315,Nick O'Leary,MIA,26,TE,12,7,10,8,80.0%,86,10.8,1,6,19,8.6,0.7,7.2,0,OLeaNi00
316,Elijhaa Penny,NYG,25,,14,3,9,8,88.9%,50,6.3,0,1,16,5.6,0.6,3.6,0,PennEl00
317,Anthony Sherman*,KAN,30,,16,1,9,8,88.9%,96,12.0,1,5,36,10.7,0.5,6.0,0,SherAn00
318,Erik Swoope,IND,26,,7,2,10,8,80.0%,87,10.9,3,5,26,8.7,1.1,12.4,0,SwooEr00
319,Eric Tomlinson,NYJ,26,TE,15,12,14,8,57.1%,72,9.0,0,3,24,5.1,0.5,4.8,0,TomlEr01
320,Josh Adams,PHI,22,rb,14,5,13,7,53.8%,58,8.3,0,3,13,4.5,0.5,4.1,1,AdamJo03
321,Mo Alie-Cox,IND,25,,9,1,13,7,53.8%,133,19.0,2,6,34,10.2,0.8,14.8,0,AlieMo00
322,Antony Auclair,TAM,25,te,16,10,8,7,87.5%,48,6.9,0,1,12,6.0,0.4,3.0,0,AuclAn00
323,Derek Carrier,OAK,28,,16,2,12,7,58.3%,67,9.6,1,3,23,5.6,0.4,4.2,0,CarrDe00
324,Ronald Jones II,TAM,21,,9,0,9,7,77.8%,33,4.7,0,2,15,3.7,0.8,3.7,0,JoneRo01
325,T.J. Logan,ARI,24,,10,0,7,7,100.0%,37,5.3,0,1,17,5.3,0.7,3.7,0,LogaT.00
326,Sony Michel,NWE,23,RB,13,8,11,7,63.6%,50,7.1,0,3,13,4.5,0.5,3.8,1,MichSo00
327,JJ Nelson,ARI,26,,14,2,19,7,36.8%,64,9.1,0,4,17,3.4,0.5,4.6,0,NelsJJ00
328,Zach Zenner,DET,27,,8,1,10,7,70.0%,56,8.0,0,3,30,5.6,0.9,7.0,0,ZennZa00
329,Kamar Aiken,PHI,29,,5,1,7,6,85.7%,53,8.8,0,2,18,7.6,1.2,10.6,0,AikeKa00
330,Tommy Bohanon,JAX,28,FB,16,6,9,6,66.7%,41,6.8,0,1,12,4.6,0.4,2.6,0,BohaTo00
331,Brice Butler,2TM,28,,8,1,10,6,60.0%,60,10.0,1,4,23,6.0,0.8,7.5,0,ButlBr00
332,Kenneth Dixon,BAL,24,,6,0,7,6,85.7%,51,8.5,0,2,21,7.3,1.0,8.5,2,DixoKe00
333,Russell Gage,ATL,22,,15,0,10,6,60.0%,63,10.5,0,2,22,6.3,0.4,4.2,0,GageRu00
334,Rashad Greene,JAX,26,,8,1,8,6,75.0%,60,10.0,0,3,12,7.5,0.8,7.5,2,GreeRa00
335,Xavier Grimble,PIT,26,,16,2,8,6,75.0%,86,14.3,0,4,23,10.8,0.4,5.4,1,GrimXa00
336,David Grinnage,JAX,24,,4,2,8,6,75.0%,61,10.2,0,2,24,7.6,1.5,15.3,0,GrinDa00
337,Dwayne Harris,OAK,31,,15,1,6,6,100.0%,40,6.7,0,1,13,6.7,0.4,2.7,2,HarrDw00
338,Marcus Johnson,IND,24,,5,0,8,6,75.0%,102,17.0,1,5,34,12.8,1.2,20.4,0,JohnMa07
339,Raheem Mostert,SFO,26,,9,0,7,6,85.7%,25,4.2,0,1,23,3.6,0.7,2.8,1,MostRa00
340,Durham Smythe,MIA,23,,15,2,11,6,54.5%,50,8.3,0,2,21,4.5,0.4,3.3,0,SmytDu00
341,Neal Sterling,NYJ,26,,5,4,8,6,75.0%,47,7.8,0,2,12,5.9,1.2,9.4,0,SterNe00
342,Darren Waller,OAK,26,,4,0,6,6,100.0%,75,12.5,0,4,44,12.5,1.5,18.8,0,WallDa01
343,Jay Ajayi,PHI,25,,4,3,6,5,83.3%,20,4.0,0,1,12,3.3,1.3,5.0,1,AjayJa00
344,C.J. Anderson,2TM,27,,11,3,9,5,55.6%,41,8.2,1,2,24,4.6,0.5,3.7,0,AndeC.00
345,Malcolm Brown,LAR,25,,12,0,7,5,71.4%,52,10.4,1,2,18,7.4,0.4,4.3,0,BrowMa03
346,Noah Brown,DAL,22,,8,2,8,5,62.5%,54,10.8,0,2,22,6.8,0.6,6.8,0,BrowNo00
347,Garrett Celek,SFO,30,,15,1,8,5,62.5%,90,18.0,2,5,41,11.3,0.3,6.0,0,CeleGa00
348,Corey Coleman,NYG,24,,8,1,8,5,62.5%,71,14.2,0,5,30,8.9,0.6,8.9,0,ColeCo00
349,Tyler Conklin,MIN,23,,16,3,7,5,71.4%,77,15.4,0,3,33,11.0,0.3,4.8,0,ConkTy00
350,Seth Devalve,CLE,25,,13,4,7,5,71.4%,74,14.8,1,3,26,10.6,0.4,5.7,0,DevaSe00
351,Devonta Freeman,ATL,26,,2,2,7,5,71.4%,23,4.6,0,0,14,3.3,2.5,11.5,0,FreeDe00
352,Zach Line,NOR,28,RB,16,6,10,5,50.0%,14,2.8,2,2,5,1.4,0.3,0.9,0,LineZa01
353,Rishard Matthews,2TM,29,,8,0,9,5,55.6%,24,4.8,0,1,7,2.7,0.6,3.0,0,MattRi00
354,Ray-Ray McCloud,BUF,22,,10,1,6,5,83.3%,36,7.2,0,2,16,6.0,0.5,3.6,2,McClRa00
355,David Morgan,MIN,25,te,11,6,6,5,83.3%,36,7.2,0,2,13,6.0,0.5,3.3,0,MorgDa01
356,Brian Parker,DEN,26,,13,1,10,5,50.0%,33,6.6,0,2,11,3.3,0.4,2.5,0,ParkBr00
357,Joshua Perkins,PHI,25,,9,1,11,5,45.5%,67,13.4,0,4,30,6.1,0.6,7.4,0,PerkJo02
358,Eric Saubert,ATL,24,,16,1,9,5,55.6%,48,9.6,0,2,17,5.3,0.3,3.0,0,SaubEr00
359,Adam Shaheen,CHI,24,,6,4,6,5,83.3%,48,9.6,1,3,23,8.0,0.8,8.0,0,ShahAd00
360,Keith Smith,OAK,26,,16,3,6,5,83.3%,23,4.6,0,3,8,3.8,0.3,1.4,0,SmitKe03
361,Vyncint Smith,HOU,22,,7,1,10,5,50.0%,91,18.2,1,3,35,9.1,0.7,13.0,0,SmitVy00
362,Jeremy Sprinkle,WAS,24,te,16,9,9,5,55.6%,41,8.2,1,3,15,4.6,0.3,2.6,0,SpriJe00
363,Mark Walton,CIN,21,,14,0,8,5,62.5%,41,8.2,0,1,24,5.1,0.4,2.9,0,WaltMa00
364,Chad Beebe,MIN,24,,3,0,4,4,100.0%,39,9.8,0,3,18,9.8,1.3,13.0,0,BeebCh00
365,Nick Bellore,DET,29,FB,14,4,4,4,100.0%,15,3.8,0,2,8,3.8,0.3,1.1,0,BellNi01
366,Jawill Davis,NYG,23,,7,0,8,4,50.0%,40,10.0,0,3,22,5.0,0.6,5.7,0,DaviJa07
367,Jacob Hollister,NWE,25,,8,1,5,4,80.0%,52,13.0,0,2,23,10.4,0.5,6.5,0,HollJa03
368,Tyler Kroft,CIN,26,,5,2,6,4,66.7%,36,9.0,0,4,16,6.0,0.8,7.2,0,KrofTy00
369,Byron Marshall,WAS,24,,6,0,6,4,66.7%,30,7.5,0,1,17,5.0,0.7,5.0,0,MarsBy01
370,Roosevelt Nix,PIT,26,,16,0,6,4,66.7%,38,9.5,0,2,19,6.3,0.3,2.4,0,NixxRo01
371,Auden Tate,CIN,21,,7,0,12,4,33.3%,35,8.8,0,2,15,2.9,0.6,5.0,0,TateAu00
372,Robert Tonyan,GNB,24,,16,1,6,4,66.7%,77,19.3,1,3,54,12.8,0.3,4.8,0,TonyRo00
373,Delanie Walker,TEN,34,,1,1,7,4,57.1%,52,13.0,0,3,16,7.4,4.0,52.0,0,WalkHu00
374,Kevin White,CHI,26,,9,0,8,4,50.0%,92,23.0,0,3,54,11.5,0.4,10.2,0,WhitKe00
375,Bobo Wilson,TAM,23,,5,0,5,4,80.0%,52,13.0,0,2,25,10.4,0.8,10.4,0,WilsJe00
376,Javon Wims,CHI,24,,4,0,5,4,80.0%,32,8.0,0,2,16,6.4,1.0,8.0,0,WimsJa00
377,Ameer Abdullah,2TM,25,,10,0,4,3,75.0%,28,9.3,0,1,12,7.0,0.3,2.8,1,AbduAm00
378,Dwayne Allen,NWE,28,te,13,8,4,3,75.0%,27,9.0,0,2,21,6.8,0.2,2.1,0,AlleDw00
379,Cameron Artis-Payne,CAR,28,,9,0,4,3,75.0%,15,5.0,0,1,13,3.8,0.3,1.7,0,ArtiCa00
380,Brandon Bolden,MIA,28,,16,0,3,3,100.0%,13,4.3,1,1,9,4.3,0.2,0.8,1,BoldBr00
381,Ben Braunecker,CHI,24,,15,2,5,3,60.0%,42,14.0,0,2,20,8.4,0.2,2.8,0,BrauBe00
382,Orson Charles,CLE,27,,13,2,5,3,60.0%,23,7.7,0,0,9,4.6,0.2,1.8,0,CharOr00
383,A.J. Derby,MIA,27,,4,0,5,3,60.0%,48,16.0,1,3,19,9.6,0.8,12.0,0,DerbA.00
384,Patrick DiMarco,BUF,29,FB,16,5,4,3,75.0%,62,20.7,0,2,38,15.5,0.2,3.9,0,DiMaPa00
385,Tyler Ervin,HOU,25,,9,0,3,3,100.0%,35,11.7,0,1,19,11.7,0.3,3.9,1,ErviTy00
386,Keith Ford,BUF,24,,2,1,5,3,60.0%,21,7.0,0,1,8,4.2,1.5,10.5,0,FordKe00
387,Rico Gathers,DAL,24,,15,4,7,3,42.9%,45,15.0,0,2,32,6.4,0.2,3.0,0,GathRi00
388,Taysom Hill,NOR,28,,16,4,7,3,42.9%,4,1.3,0,0,5,0.6,0.2,0.3,1,HillTa00
389,Justin Hunter,PIT,27,,5,0,13,3,23.1%,21,7.0,0,2,12,1.6,0.6,4.2,0,HuntJu00
390,Matt Lengel,CIN,28,,11,2,8,3,37.5%,17,5.7,1,2,9,2.1,0.3,1.5,0,LengMa00
391,Marcedes Lewis,GNB,34,,16,4,4,3,75.0%,39,13.0,0,1,30,9.8,0.2,2.4,0,LewiMa00
392,Tommylee Lewis,NOR,26,,7,3,3,3,100.0%,60,20.0,1,3,28,20.0,0.4,8.6,1,LewiTo00
393,Ricky Ortiz,ATL,24,FB,12,9,4,3,75.0%,11,3.7,0,0,7,2.8,0.3,0.9,0,OrtiRi00
394,Samaje Perine,WAS,23,,5,0,4,3,75.0%,5,1.7,0,0,8,1.3,0.6,1.0,0,PeriSa00
395,John Phillips,ARI,31,,8,4,3,3,100.0%,38,12.7,0,1,24,12.7,0.4,4.8,0,PhilJo00
396,C.J. Prosise,SEA,24,,5,0,3,3,100.0%,22,7.3,0,0,8,7.3,0.6,4.4,0,ProsC.00
397,Brian Quick,WAS,29,,6,3,3,3,100.0%,18,6.0,0,2,6,6.0,0.5,3.0,0,QuicBr00
398,Stevan Ridley,PIT,29,,10,0,4,3,75.0%,18,6.0,0,1,10,4.5,0.3,1.8,2,RidlSt00
399,De'Anthony Thomas,KAN,25,,5,0,5,3,60.0%,29,9.7,1,3,15,5.8,0.6,5.8,1,ThomDe05
400,Jalen Tolliver,ARI,23,,3,1,6,3,50.0%,37,12.3,0,3,15,6.2,1.0,12.3,0,TollJa00
401,Darrel Williams,KAN,23,,6,0,3,3,100.0%,27,9.0,1,1,11,9.0,0.5,4.5,0,WillDa10
402,Derrick Willies,CLE,24,,5,0,5,3,60.0%,61,20.3,0,2,39,12.2,0.6,12.2,1,WillDe06
403,Shaun Wilson,TAM,23,,5,0,5,3,60.0%,5,1.7,0,0,5,1.0,0.6,1.0,0,WilsSh01
404,Mike Boone,MIN,23,,8,0,3,2,66.7%,1,0.5,0,0,1,0.3,0.3,0.1,0,BoonMi00
405,Leonte Carroo,MIA,24,,9,0,4,2,50.0%,94,47.0,1,2,74,23.5,0.2,10.4,0,CarrLe00
406,Jamaal Charles,JAX,32,,2,0,3,2,66.7%,7,3.5,0,0,5,2.3,1.0,3.5,0,CharJa00
407,Derrick Coleman,ARI,28,,16,4,3,2,66.7%,17,8.5,0,1,12,5.7,0.1,1.1,0,ColeDe00
408,Alan Cross,TAM,25,,14,3,5,2,40.0%,9,4.5,0,1,6,1.8,0.1,0.6,0,CrosAl00
409,Ross Dwelley,SFO,23,,11,0,2,2,100.0%,14,7.0,0,0,8,7.0,0.2,1.3,0,DwelRo00
410,Gus Edwards,BAL,23,rb,11,6,2,2,100.0%,20,10.0,0,1,13,10.0,0.2,1.8,0,EdwaGu00
411,D'Onta Foreman,HOU,22,,1,0,2,2,100.0%,28,14.0,1,1,20,14.0,2.0,28.0,1,ForeDO00
412,Jordan Franks,CIN,22,,6,0,3,2,66.7%,37,18.5,0,1,32,12.3,0.3,6.2,0,FranJo03
413,KhaDarel Hodge,LAR,23,,14,0,3,2,66.7%,17,8.5,0,1,14,5.7,0.1,1.2,0,HodgKh00
414,John Kelly,LAR,22,,4,0,3,2,66.7%,27,13.5,0,1,18,9.0,0.5,6.8,0,KellJo00
415,Jeremy Kerley,BUF,30,,1,1,4,2,50.0%,7,3.5,0,0,4,1.8,2.0,7.0,0,KerlJe00
416,Tre Madden,SEA,25,,14,3,3,2,66.7%,35,17.5,0,1,28,11.7,0.1,2.5,0,MaddTr01
417,Chris Manhertz,CAR,26,,16,4,5,2,40.0%,52,26.0,1,1,50,10.4,0.1,3.3,0,ManhCh00
418,J'Mon Moore,GNB,23,,12,0,3,2,66.7%,15,7.5,0,1,10,5.0,0.2,1.3,1,MoorJM00
419,Detrez Newsome,LAC,24,,9,0,2,2,100.0%,19,9.5,0,2,11,9.5,0.2,2.1,0,NewsDe00
420,Jamize Olawale,DAL,29,FB,16,4,4,2,50.0%,13,6.5,0,1,10,3.3,0.1,0.8,0,OlawJa00
421,Charone Peake,NYJ,26,,13,0,3,2,66.7%,25,12.5,0,2,14,8.3,0.2,1.9,0,PeakCh00
422,Dion Sims,CHI,27,,8,4,4,2,50.0%,9,4.5,0,0,9,2.3,0.3,1.1,0,SimsDi00
423,Roc Thomas,MIN,23,,5,0,4,2,50.0%,21,10.5,0,0,15,5.3,0.4,4.2,0,ThomRo05
424,De'Lance Turner,BAL,23,,4,0,2,2,100.0%,17,8.5,0,0,10,8.5,0.5,4.3,0,TurnDe01
425,Malik Turner,SEA,22,,6,0,3,2,66.7%,20,10.0,0,1,19,6.7,0.3,3.3,0,TurnMa00
426,Hakeem Valles,DET,26,,3,0,3,2,66.7%,11,5.5,0,0,6,3.7,0.7,3.7,0,VallHa00
427,Joe Webb,HOU,32,,16,0,3,2,66.7%,13,6.5,0,0,7,4.3,0.1,0.8,0,WebbJo00
428,Charcandrick West,KAN,27,,3,0,3,2,66.7%,37,18.5,1,2,25,12.3,0.7,12.3,0,WestCh01
429,Nick Williams,2TM,28,,4,0,5,2,40.0%,17,8.5,0,0,11,3.4,0.5,4.3,0,WillNi02
430,Terrance Williams,DAL,29,,3,2,3,2,66.7%,18,9.0,0,1,12,6.0,0.7,6.0,0,WillTe01
431,Alex Armah,CAR,24,,16,2,1,1,100.0%,5,5.0,0,0,5,5.0,0.1,0.3,0,ArmaAl00
432,Kenjon Barner,2TM,29,,9,0,1,1,100.0%,3,3.0,0,0,3,3.0,0.1,0.3,1,BarnKe00
433,Victor Bolden,2TM,23,,6,0,4,1,25.0%,10,10.0,0,1,10,2.5,0.2,1.7,0,BoldVi00
434,Tom Brady*,NWE,41,QB,16,16,1,1,100.0%,6,6.0,0,0,6,6.0,0.1,0.4,4,BradTo00
435,Drew Brees*,NOR,39,QB,15,15,1,1,100.0%,1,1.0,0,0,1,1.0,0.1,0.1,5,BreeDr00
436,Michael Burton,CHI,26,,8,1,1,1,100.0%,6,6.0,0,1,6,6.0,0.1,0.8,0,BurtMi00
437,Damiere Byrd,CAR,25,,8,0,2,1,50.0%,8,8.0,0,1,8,4.0,0.1,1.0,0,ByrdDa00
438,Travaris Cadet,CAR,29,,1,0,1,1,100.0%,5,5.0,0,0,5,5.0,1.0,5.0,0,CadeTr00
439,Derek Carr,OAK,27,QB,16,16,1,1,100.0%,-9,-9.0,0,0,-9,-9.0,0.1,-0.6,12,CarrDe02
440,Jehu Chesson,WAS,25,,12,0,2,1,50.0%,7,7.0,0,1,7,3.5,0.1,0.6,0,ChesJe00
441,Sammie Coates,HOU,25,,12,0,2,1,50.0%,12,12.0,0,1,12,6.0,0.1,1.0,0,CoatSa00
442,Kirk Cousins,MIN,30,QB,16,16,1,1,100.0%,-1,-1.0,0,0,-1,-1.0,0.1,-0.1,9,CousKi00
443,River Cracraft,DEN,24,,8,0,2,1,50.0%,44,44.0,0,1,44,22.0,0.1,5.5,1,CracRi00
444,Dane Cruikshank,TEN,23,,12,0,1,1,100.0%,66,66.0,1,1,66,66.0,0.1,5.5,0,CruiDa00
445,Sean Culkin,LAC,25,TE,13,10,1,1,100.0%,24,24.0,0,1,24,24.0,0.1,1.8,0,CulkSe00
446,Benny Cunningham,CHI,28,,15,0,2,1,50.0%,9,9.0,0,1,9,4.5,0.1,0.6,0,CunnBe01
447,Chase Daniel,CHI,32,,5,2,1,1,100.0%,8,8.0,0,1,8,8.0,0.2,1.6,4,DaniCh00
448,Dion Dawkins,BUF,24,LT,16,16,1,1,100.0%,7,7.0,1,1,7,7.0,0.1,0.4,0,DawkDi00
449,Taylor Decker,DET,25,LT,16,16,1,1,100.0%,11,11.0,1,1,11,11.0,0.1,0.7,0,DeckTa00
450,Gehrig Dieter,KAN,25,,4,0,3,1,33.3%,22,22.0,0,1,22,7.3,0.3,5.5,0,DietGe00
451,George Fant,SEA,26,T,16,7,1,1,100.0%,9,9.0,0,0,9,9.0,0.1,0.6,0,FantGe00
452,Matt Flanagan,WAS,23,,3,1,1,1,100.0%,14,14.0,0,1,14,14.0,0.3,4.7,0,FlanMa00
453,Nick Foles,PHI,29,qb,5,5,1,1,100.0%,10,10.0,0,1,15,10.0,0.2,2.0,4,FoleNi00
454,Shelton Gibson,PHI,24,,15,0,3,1,33.3%,48,48.0,0,1,48,16.0,0.1,3.2,0,GibsSh00
455,Mike Gillislee,NOR,28,,4,0,1,1,100.0%,9,9.0,0,0,9,9.0,0.3,2.3,1,GillMi00
456,Justin Hardee,NOR,24,,16,0,1,1,100.0%,10,10.0,0,1,10,10.0,0.1,0.6,0,HardJu01
457,Keon Hatcher,OAK,24,,3,0,2,1,50.0%,8,8.0,0,0,8,4.0,0.3,2.7,0,HatcKe00
458,Ryan Hewitt,IND,27,,12,2,2,1,50.0%,1,1.0,1,1,1,0.5,0.1,0.1,0,HewiRy00
459,Darrius Heyward-Bey,PIT,31,,14,2,2,1,50.0%,9,9.0,0,0,9,4.5,0.1,0.6,0,HeywDa00
460,Brian Hill,ATL,23,,10,0,2,1,50.0%,9,9.0,0,0,9,4.5,0.1,0.9,1,HillBr02
461,Jeremy Hill,NWE,26,,1,0,1,1,100.0%,6,6.0,0,0,6,6.0,1.0,6.0,0,HillJe01
462,JJ Jones,2TM,26,,4,0,1,1,100.0%,3,3.0,0,0,3,3.0,0.3,0.8,2,JoneJJ00
463,Ryan Kelly,IND,25,C,12,12,1,1,100.0%,-4,-4.0,0,0,-4,-4.0,0.1,-0.3,1,KellRy00
464,Marcus Kemp,KAN,23,,16,0,2,1,50.0%,7,7.0,0,0,7,3.5,0.1,0.4,0,KempMa00
465,Darvin Kidsy,WAS,23,,2,0,2,1,50.0%,8,8.0,0,1,8,4.0,0.5,4.0,0,KidsDa00
466,Allen Lazard,GNB,23,,1,0,1,1,100.0%,7,7.0,0,0,7,7.0,1.0,7.0,0,LazaAl00
467,Khari Lee,BUF,26,,2,0,1,1,100.0%,5,5.0,0,0,5,5.0,0.5,2.5,0,LeexKh00
468,Andrew Luck*,IND,29,QB,16,16,2,1,50.0%,4,4.0,0,1,4,2.0,0.1,0.3,6,LuckAn00
469,Josh Malone,CIN,22,,9,0,5,1,20.0%,12,12.0,0,1,12,2.4,0.1,1.3,0,MaloJo00
470,Marcus Mariota,TEN,25,QB,14,13,1,1,100.0%,21,21.0,0,1,21,21.0,0.1,1.5,9,MariMa01
471,Johnny Mundt,LAR,24,,10,0,1,1,100.0%,5,5.0,0,0,5,5.0,0.1,0.5,0,MundJo00
472,Cam Phillips,BUF,23,,2,0,1,1,100.0%,9,9.0,0,0,9,9.0,0.5,4.5,0,PhilCa01
473,Spencer Pulley,NYG,25,C,13,9,1,1,100.0%,-2,-2.0,0,0,-2,-2.0,0.1,-0.2,0,PullSp00
474,Richard Rodgers,PHI,26,,7,0,1,1,100.0%,7,7.0,0,1,7,7.0,0.1,1.0,0,RodgRi00
475,Ben Roethlisberger,PIT,36,QB,16,16,1,1,100.0%,-1,-1.0,0,0,-1,-1.0,0.1,-0.1,7,RoetBe00
476,Matt Ryan,ATL,33,QB,16,16,1,1,100.0%,5,5.0,1,1,5,5.0,0.1,0.3,10,RyanMa00
477,Matt Schaub,ATL,37,,3,0,1,1,100.0%,-7,-7.0,0,0,-7,-7.0,0.3,-2.3,1,SchaMa00
478,Sam Shields,LAR,31,,16,2,1,1,100.0%,12,12.0,0,1,12,12.0,0.1,0.8,0,ShieSa00
479,Bradley Sowell,CHI,29,,16,1,2,1,50.0%,2,2.0,1,1,2,1.0,0.1,0.1,0,SoweBr00
480,Joe Staley,SFO,34,LT,16,16,1,1,100.0%,-5,-5.0,0,0,-5,-5.0,0.1,-0.3,0,StalJo20
481,Tyrone Swoopes,SEA,24,,1,1,1,1,100.0%,23,23.0,0,1,23,23.0,1.0,23.0,0,SwooTy00
482,Ryan Tannehill,MIA,30,QB,11,11,1,1,100.0%,3,3.0,1,1,3,3.0,0.1,0.3,5,TannRy00
483,Robert Turbin,IND,29,,2,0,2,1,50.0%,3,3.0,0,0,3,1.5,0.5,1.5,1,TurbRo00
484,Alejandro Villanueva*,PIT,30,LT,16,16,1,1,100.0%,2,2.0,1,1,2,2.0,0.1,0.1,0,VillAl00
485,Danny Vitale,GNB,25,,5,0,2,1,50.0%,2,2.0,0,1,2,1.0,0.2,0.4,0,VitaDa00
486,DeAndre Washington,OAK,25,,10,0,1,1,100.0%,9,9.0,0,0,9,9.0,0.1,0.9,1,WashDe00
487,Justin Watson,TAM,22,,12,0,3,1,33.3%,5,5.0,0,0,5,1.7,0.1,0.4,0,WatsJu01
488,Derek Watt,LAC,26,fb,16,5,1,1,100.0%,2,2.0,0,0,2,2.0,0.1,0.1,0,WattDe00
489,Carson Wentz,PHI,26,QB,11,11,1,1,100.0%,4,4.0,0,1,4,4.0,0.1,0.4,9,WentCa00
490,Tim White,BAL,24,,3,0,1,1,100.0%,14,14.0,0,1,14,14.0,0.3,4.7,1,WhitTi00
491,Jonathan Williams,NOR,24,,3,0,1,1,100.0%,1,1.0,0,0,1,1.0,0.3,0.3,0,WillJo07
492,Kyle Williams*,BUF,35,LDT,16,16,1,1,100.0%,9,9.0,0,0,9,9.0,0.1,0.6,0,WillKy20
493,Russell Wilson*,SEA,30,QB,16,16,1,1,100.0%,-11,-11.0,0,0,-11,-11.0,0.1,-0.7,10,WilsRu00
494,Brandon Zylstra,MIN,25,,16,0,2,1,50.0%,23,23.0,0,1,23,11.5,0.1,1.4,0,ZylsBr00